{
  "hash": "884a4bd6",
  "browserHash": "d085b011",
  "optimized": {
    "@angular/common": {
      "src": "../../../../../node_modules/@angular/common/fesm2022/common.mjs",
      "file": "@angular_common.js",
      "fileHash": "6cb5214b",
      "needsInterop": false
    },
    "@angular/core": {
      "src": "../../../../../node_modules/@angular/core/fesm2022/core.mjs",
      "file": "@angular_core.js",
      "fileHash": "14b4868b",
      "needsInterop": false
    },
    "@angular/platform-browser": {
      "src": "../../../../../node_modules/@angular/platform-browser/fesm2022/platform-browser.mjs",
      "file": "@angular_platform-browser.js",
      "fileHash": "a9f3ff21",
      "needsInterop": false
    },
    "@angular/router": {
      "src": "../../../../../node_modules/@angular/router/fesm2022/router.mjs",
      "file": "@angular_router.js",
      "fileHash": "d6866890",
      "needsInterop": false
    }
  },
  "chunks": {
    "chunk-TC266TJD": {
      "file": "chunk-TC266TJD.js"
    },
    "chunk-4VJTHEMT": {
      "file": "chunk-4VJTHEMT.js"
    },
    "chunk-62IBDOE3": {
      "file": "chunk-62IBDOE3.js"
    }
  }
}